{"wgan": {"normal": {"KL-Divergence": {"value": [0.0, 0.0, 0.0], "parameters": [0.0001, 128, 200]}, "Jensen-Shannon": {"value": [0.0, 0.0, 0.0], "parameters": [0.0001, 128, 200]}, "Wasserstein-Distance": {"value": [5.924641552086805, 6.294299948541913, 5.768757729679974], "parameters": [0.001, 256, 100]}, "Energy-Distance": {"value": [5.489537990732818, 5.665643405511777, 3.7798097643600688], "parameters": [0.001, 256, 200]}, "GLoss": {"value": [-0.5026494264602661, -0.5026320219039917, -0.5026177167892456], "parameters": [5e-05, 32, 100]}, "DLoss": {"value": [0.018822842836380006, -0.003303837776184082, -0.005222046375274658], "parameters": [0.001, 256, 250]}}, "beta": {"KL-Divergence": {"value": [0.0, 0.0, 0.0], "parameters": [0.0001, 128, 100]}, "Jensen-Shannon": {"value": [0.0, 0.0, 0.0], "parameters": [0.0001, 128, 100]}, "Wasserstein-Distance": {"value": [5.351929284753353, 5.7650505771969325, 3.6280413651075927], "parameters": [0.0001, 16, 250]}, "Energy-Distance": {"value": [3.1817242939760293, 3.0930067053757595, 3.008340841519056], "parameters": [0.0001, 128, 150]}, "GLoss": {"value": [-0.5032445192337036, -0.5032067894935608, -0.5031947493553162], "parameters": [5e-05, 128, 150]}, "DLoss": {"value": [-0.004183030128479004, -0.0010435640811920165, -0.001340276002883911], "parameters": [0.001, 256, 150]}}, "exponential": {"KL-Divergence": {"value": [0.0, 0.0, 0.0], "parameters": [0.0001, 128, 200]}, "Jensen-Shannon": {"value": [0.0, 0.0, 0.0], "parameters": [0.0001, 128, 200]}, "Wasserstein-Distance": {"value": [6.59801205402786, 6.660496477354696, 4.994681360271574], "parameters": [0.0005, 16, 250]}, "Energy-Distance": {"value": [3.3408010428657016, 3.0492109984492233, 3.5020103540406726], "parameters": [5e-05, 256, 150]}, "GLoss": {"value": [-0.502754807472229, -0.5028096437454224, -0.5029386878013611], "parameters": [0.0005, 256, 100]}, "DLoss": {"value": [-0.02042454481124878, -0.0030987381935119627, -0.00396355390548706], "parameters": [0.001, 256, 150]}}, "gumbel": {"KL-Divergence": {"value": [0.0, 0.0, 0.0], "parameters": [0.0001, 128, 100]}, "Jensen-Shannon": {"value": [0.0, 0.0, 0.0], "parameters": [0.0001, 128, 100]}, "Wasserstein-Distance": {"value": [4.857519891278753, 4.285704047059731, 4.674682847526444], "parameters": [5e-05, 128, 150]}, "Energy-Distance": {"value": [3.058514934794619, 3.378519840870226, 3.132157929122503], "parameters": [5e-05, 32, 100]}, "GLoss": {"value": [-0.5030456781387329, -0.5030350685119629, -0.5030770897865295], "parameters": [0.0001, 128, 100]}, "DLoss": {"value": [0.0015081644058227539, -0.0030440449714660644, -0.003975677490234375], "parameters": [0.001, 256, 100]}}, "laplace": {"KL-Divergence": {"value": [0.0, 0.0, 0.0], "parameters": [0.0001, 256, 100]}, "Jensen-Shannon": {"value": [0.0, 0.0, 0.0], "parameters": [0.0001, 256, 100]}, "Wasserstein-Distance": {"value": [4.522243422434006, 4.005028187846463, 4.3526753119327495], "parameters": [5e-05, 128, 200]}, "Energy-Distance": {"value": [4.394543837678654, 3.49750009902541, 3.5749722091334295], "parameters": [0.001, 256, 200]}, "GLoss": {"value": [-0.5026461482048035, -0.5026341676712036, -0.5026062726974487], "parameters": [0.0001, 32, 100]}, "DLoss": {"value": [0.010283643007278442, -0.0027724862098693847, -0.00400317907333374], "parameters": [0.001, 256, 250]}}}, "vae": {"normal": {"KL-Divergence": {"value": [0.03164529800415039, 0.025367379188537598, 0.30806218975628785, 0.021828114986419678, -3.700743415417188e-17], "parameters": [0.0005, 128, 150]}, "Jensen-Shannon": {"value": [0.06532986894136515, 0.23252889586596118, -9.251858538542972e-17], "parameters": [0.0005, 128, 150]}, "Wasserstein-Distance": {"value": [51.67724900577339, 46.969533214775055, 15.868825773702003], "parameters": [5e-05, 16, 150]}, "Energy-Distance": {"value": [16.732158348765967, 15.163218913649363, 5.893306886616062], "parameters": [5e-05, 16, 150]}, "RLoss": {"value": [-0.5515397191047668, -3.0331249237060547, 0.15492837131023407], "parameters": [0.0005, 32, 200]}}, "beta": {"KL-Divergence": {"value": [0.10319066047668457, 0.10152608156204224, -3.700743415417188e-17, 0.09989351034164429, -3.700743415417188e-17], "parameters": [5e-05, 128, 250]}, "Jensen-Shannon": {"value": [0.0, 0.283476900420879, -3.700743415417188e-17], "parameters": [5e-05, 64, 100]}, "Wasserstein-Distance": {"value": [96.04921542156472, 24.731956058731445, 10.173240012982646], "parameters": [0.001, 64, 150]}, "Energy-Distance": {"value": [6.7514189260548925, 14.596755002131133, 5.508144373455355], "parameters": [0.0005, 64, 250]}, "RLoss": {"value": [4.795796871185303, 5.456345081329346, 5.253146171569824], "parameters": [0.0001, 128, 100]}}, "exponential": {"KL-Divergence": {"value": [0.03330338001251221, 0.033503055572509766, 0.0, 0.03279376029968262, 0.0], "parameters": [0.0001, 128, 100]}, "Jensen-Shannon": {"value": [0.13627061611225197, 0.0, 0.0], "parameters": [0.0001, 128, 100]}, "Wasserstein-Distance": {"value": [26.80049497326381, 21.828589700470243, 21.058970700829814], "parameters": [0.001, 32, 250]}, "Energy-Distance": {"value": [10.14073227167544, 8.186498386881006, 8.06469158317848], "parameters": [5e-05, 256, 250]}, "RLoss": {"value": [5.205966472625732, 6.125983715057373, 5.037270545959473], "parameters": [0.001, 16, 100]}}, "gumbel": {"KL-Divergence": {"value": [0.3312516212463379, 0.32277727127075195, 0.0, 0.31479889154434204, 0.0], "parameters": [0.0001, 128, 100]}, "Jensen-Shannon": {"value": [1.4802973661668753e-16, 0.4121548986636294, -5.551115123125783e-17], "parameters": [0.0005, 64, 150]}, "Wasserstein-Distance": {"value": [17.91730893362237, 21.348812142532058, 9.237530533133455], "parameters": [0.001, 16, 200]}, "Energy-Distance": {"value": [8.770674940591594, 11.223217500427815, 5.008059647606601], "parameters": [0.001, 16, 200]}, "RLoss": {"value": [3.6066718101501465, 3.693422794342041, 3.220240831375122], "parameters": [0.001, 256, 250]}}, "laplace": {"KL-Divergence": {"value": [0.19316518306732178, 0.18854820728302002, 0.0, 0.1838790774345398, -7.401486830834377e-17], "parameters": [0.0001, 128, 150]}, "Jensen-Shannon": {"value": [0.037385933908885303, 0.0, 0.0], "parameters": [0.0001, 128, 100]}, "Wasserstein-Distance": {"value": [39.34837689897432, 49.681569858618055, 7.384934933355256], "parameters": [0.0005, 16, 150]}, "Energy-Distance": {"value": [18.879339449449798, 4.681871734266533, 5.070902258583017], "parameters": [0.0005, 32, 200]}, "RLoss": {"value": [1.0464547872543335, 5.096937656402588, 2.333085298538208], "parameters": [0.0001, 128, 250]}}}, "autoencoder": {"normal": {"KL-Divergence": {"value": [-7.401486830834377e-17, -3.700743415417188e-17, -1.1102230246251565e-16], "parameters": [0.0001, 128, 100]}, "Jensen-Shannon": {"value": [7.401486830834377e-17, 3.700743415417188e-17, -3.700743415417188e-17], "parameters": [5e-05, 64, 100]}, "Wasserstein-Distance": {"value": [10.881486887606524, 10.88697502136256, 10.893692552073889], "parameters": [0.0001, 64, 150]}, "Energy-Distance": {"value": [12.184460198521998, 6.910125501074717, 5.490200310565282], "parameters": [0.001, 16, 150]}, "Loss": {"value": [-4.336294174194336, -4.481236457824707, -4.626157760620117], "parameters": [0.0005, 16, 100]}}, "beta": {"KL-Divergence": {"value": [-3.700743415417188e-17, 7.401486830834377e-17, -3.700743415417188e-17], "parameters": [5e-05, 16, 150]}, "Jensen-Shannon": {"value": [0.0, -3.700743415417188e-17, -3.700743415417188e-17], "parameters": [5e-05, 256, 100]}, "Wasserstein-Distance": {"value": [34.14231039171633, 32.00092550145379, 26.35112306771524], "parameters": [0.001, 128, 200]}, "Energy-Distance": {"value": [11.466856570780251, 11.061074652781983, 10.46648771164802], "parameters": [0.001, 128, 200]}, "Loss": {"value": [5.546933650970459, 5.427197456359863, 5.309398174285889], "parameters": [0.001, 128, 150]}}, "exponential": {"KL-Divergence": {"value": [0.0, 0.0, 0.0], "parameters": [0.0001, 128, 150]}, "Jensen-Shannon": {"value": [0.0, 0.0, 0.0],