{"wgan": {"normal": {"KL-Divergence": {"original": [[0.0, 0.0, 0.0]], "5": [0.0, 0.0, 0.0], "95": [0.0, 0.0, 0.0]}, "Jensen-Shannon": {"original": [[0.0, 0.0, 0.0]], "5": [0.0, 0.0, 0.0], "95": [0.0, 0.0, 0.0]}, "Wasserstein-Distance": {"original": [[5.924641552086805, 6.294299948541913, 5.768757729679974]], "5": [5.924641552086805, 6.294299948541913, 5.768757729679974], "95": [5.924641552086805, 6.294299948541913, 5.768757729679974]}, "Energy-Distance": {"original": [[5.489537990732818, 5.665643405511777, 3.7798097643600688]], "5": [5.489537990732818, 5.665643405511777, 3.7798097643600688], "95": [5.489537990732818, 5.665643405511777, 3.7798097643600688]}, "GLoss": {"original": [[-0.5026494264602661, -0.5026320219039917, -0.5026177167892456]], "5": [-0.5026494264602661, -0.5026320219039917, -0.5026177167892456], "95": [-0.5026494264602661, -0.5026320219039917, -0.5026177167892456]}, "DLoss": {"original": [[0.018822842836380006, -0.003303837776184082, -0.005222046375274658]], "5": [0.018822842836380006, -0.003303837776184082, -0.005222046375274658], "95": [0.018822842836380006, -0.003303837776184082, -0.005222046375274658]}}, "beta": {"KL-Divergence": {"original": [[0.0, 0.0, 0.0]], "5": [0.0, 0.0, 0.0], "95": [0.0, 0.0, 0.0]}, "Jensen-Shannon": {"original": [[0.0, 0.0, 0.0]], "5": [0.0, 0.0, 0.0], "95": [0.0, 0.0, 0.0]}, "Wasserstein-Distance": {"original": [[5.351929284753353, 5.7650505771969325, 3.6280413651075927]], "5": [5.351929284753353, 5.7650505771969325, 3.6280413651075927], "95": [5.351929284753353, 5.7650505771969325, 3.6280413651075927]}, "Energy-Distance": {"original": [[3.1817242939760293, 3.0930067053757595, 3.008340841519056]], "5": [3.1817242939760293, 3.0930067053757595, 3.008340841519056], "95": [3.1817242939760293, 3.0930067053757595, 3.008340841519056]}, "GLoss": {"original": [[-0.5032445192337036, -0.5032067894935608, -0.5031947493553162]], "5": [-0.5032445192337036, -0.5032067894935608, -0.5031947493553162], "95": [-0.5032445192337036, -0.5032067894935608, -0.5031947493553162]}, "DLoss": {"original": [[-0.004183030128479004, -0.0010435640811920165, -0.001340276002883911]], "5": [-0.004183030128479004, -0.0010435640811920165, -0.001340276002883911], "95": [-0.004183030128479004, -0.0010435640811920165, -0.001340276002883911]}}, "exponential": {"KL-Divergence": {"original": [[0.0, 0.0, 0.0]], "5": [0.0, 0.0, 0.0], "95": [0.0, 0.0, 0.0]}, "Jensen-Shannon": {"original": [[0.0, 0.0, 0.0]], "5": [0.0, 0.0, 0.0], "95": [0.0, 0.0, 0.0]}, "Wasserstein-Distance": {"original": [[6.59801205402786, 6.660496477354696, 4.994681360271574]], "5": [6.59801205402786, 6.660496477354696, 4.994681360271574], "95": [6.59801205402786, 6.660496477354696, 4.994681360271574]}, "Energy-Distance": {"original": [[3.3408010428657016, 3.0492109984492233, 3.5020103540406726]], "5": [3.3408010428657016, 3.0492109984492233, 3.5020103540406726], "95": [3.3408010428657016, 3.0492109984492233, 3.5020103540406726]}, "GLoss": {"original": [[-0.502754807472229, -0.5028096437454224, -0.5029386878013611]], "5": [-0.502754807472229, -0.5028096437454224, -0.5029386878013611], "95": [-0.502754807472229, -0.5028096437454224, -0.5029386878013611]}, "DLoss": {"original": [[-0.02042454481124878, -0.0030987381935119627, -0.00396355390548706]], "5": [-0.02042454481124878, -0.0030987381935119627, -0.00396355390548706], "95": [-0.02042454481124878, -0.0030987381935119627, -0.00396355390548706]}}, "gumbel": {"KL-Divergence": {"original": [[0.0, 0.0, 0.0]], "5": [0.0, 0.0, 0.0], "95": [0.0, 0.0, 0.0]}, "Jensen-Shannon": {"original": [[0.0, 0.0, 0.0]], "5": [0.0, 0.0, 0.0], "95": [0.0, 0.0, 0.0]}, "Wasserstein-Distance": {"original": [[4.857519891278753, 4.285704047059731, 4.674682847526444]], "5": [4.857519891278753, 4.285704047059731, 4.674682847526444], "95": [4.857519891278753, 4.285704047059731, 4.674682847526444]}, "Energy-Distance": {"original": [[3.058514934794619, 3.378519840870226, 3.132157929122503]], "5": [3.058514934794619, 3.378519840870226, 3.132157929122503], "95": [3.058514934794619, 3.378519840870226, 3.132157929122503]}, "GLoss": {"original": [[-0.5030456781387329, -0.5030350685119629, -0.5030770897865295]], "5": [-0.5030456781387329, -0.5030350685119629, -0.5030770897865295], "95": [-0.5030456781387329, -0.5030350685119629, -0.5030770897865295]}, "DLoss": {"original": [[0.0015081644058227539, -0.0030440449714660644, -0.003975677490234375]], "5": [0.0015081644058227539, -0.0030440449714660644, -0.003975677490234375], "95": [0.0015081644058227539, -0.0030440449714660644, -0.003975677490234375]}}, "laplace": {"KL-Divergence": {"original": [[0.0, 0.0, 0.0]], "5": [0.0, 0.0, 0.0], "95": [0.0, 0.0, 0.0]}, "Jensen-Shannon": {"original": [[0.0, 0.0, 0.0]], "5": [0.0, 0.0, 0.0], "95": [0.0, 0.0, 0.0]}, "Wasserstein-Distance": {"original": [[4.522243422434006, 4.005028187846463, 4.3526753119327495]], "5": [4.522243422434006, 4.005028187846463, 4.3526753119327495], "95": [4.522243422434006, 4.005028187846463, 4.3526753119327495]}, "Energy-Distance": {"original": [[4.394543837678654, 3.49750009902541, 3.5749722091334295]], "5": [4.394543837678654, 3.49750009902541, 3.5749722091334295], "95": [4.394543837678654, 3.49750009902541, 3.5749722091334295]}, "GLoss": {"original": [[-0.5026461482048035, -0.5026341676712036, -0.5026062726974487]], "5": [-0.5026461482048035, -0.5026341676712036, -0.5026062726974487], "95": [-0.5026461482048035, -0.5026341676712036, -0.5026062726974487]}, "DLoss": {"original": [[0.010283643007278442, -0.0027724862098693847, -0.00400317907333374]], "5": [0.010283643007278442, -0.0027724862098693847, -0.00400317907333374], "95": [0.010283643007278442, -0.0027724862098693847, -0.00400317907333374]}}}, "vae": {"normal": {"KL-Divergence": {"original": [[0.03164529800415039, 0.025367379188537598, 0.30806218975628785, 0.021828114986419678, -3.700743415417188e-17]], "5": [0.03164529800415039, 0.025367379188537598, 0.30806218975628785, 0.021828114986419678, -3.700743415417188e-17], "95": [0.03164529800415039, 0.025367379188537598, 0.30806218975628785, 0.021828114986419678, -3.700743415417188e-17]}, "Jensen-Shannon": {"original": [[0.06532986894136515, 0.23252889586596118, -9.251858538542972e-17]], "5": [0.06532986894136515, 0.23252889586596118, -9.251858538542972e-17], "95": [0.06532986894136515, 0.23252889586596118, -9.251858538542972e-17]}, "Wasserstein-Distance": {"original": [[51.67724900577339, 46.969533214775055, 15.868825773702003]], "5": [51.67724900577339, 46.969533214775055, 15.868825773702003], "95": [51.67724900577339, 46.969533214775055, 15.868825773702003]}, "Energy-Distance": {"original": [[16.732158348765967, 15.163218913649363, 5.893306886616062]], "5": [16.732158348765967, 15.163218913649363, 5.893306886616062], "95": [16.732158348765967, 15.163218913649363, 5.893306886616062]}, "RLoss": {"original": [[-0.5515397191047668, -3.0331249237060547, 0.15492837131023407]], "5": [-0.5515397191047668, -3.0331249237060547, 0.15492837131023407], "95": [-0.5515397191047668, -3.0331249237060547, 0.15492837131023407]}}, "beta": {"KL-Divergence": {"original": [[0.10319066047668457, 0.10152608156204224, -3.700743415417188e-17, 0.09989351034164429, -3.700743415417188e-17]], "5": [0.10319066047668457, 0.10152608156204224, -3.700743415417188e-17, 0.09989351034164429, -3.700743415417188e-17], "95": [0.10319066047668457, 0.10152608156204224, -3.700743415417188e-17, 0.09989351034164429, -3.700743415417188e-17]}, "Jensen-Shannon": {"original": [[0.0, 0.283476900420879, -3.700743415417188e-17]], "5": [0.0, 0.283476900420879, -3.700743415417188e-17], "95": [0.0, 0.283476900420879, -3.700743415417188e-17]}, "Wasserstein-Distance": {"original": [[96.04921542156472, 24.731956058731445, 10.173240012982646]], "5": [96.04921542156472, 24.731956058731445, 10.173240012982646], "95": [96.04921542156472, 24.731956058731445, 10.173240012982646]}, "Energy-Distance": {"original": [[6.7514189260548925, 14.596755002131133, 5.508144373455355]],