{"wgpgan": {"normal": {"KL-Divergence": [1.7449239423902898, 1.740557060415938, 1.7982426972887422, 2.0668800513362986, 2.178156101688098, 2.1389631713411585, 2.424244017193244, 2.347650775536217, 2.839675958562004, 2.4825288949166135, 2.9543328045363135, 2.8618164172803096, 2.9040356997801506, 2.652081706324393, 3.035918583152793, 2.8874175771932573, 3.1662987244410283, 3.327396176838172, 3.4329637848667596, 3.534402125405199, 3.686671790018416, 3.7896512184237405, 3.912341451451026, 3.9590124079389164, 4.539485300126102, 4.682684670793874, 4.4975939153810955, 4.5485878079022015, 4.696757375337444, 4.8550993844914565, 4.769586330011943, 4.884438345808067, 5.233117464862877, 5.105463885834272, 5.384181732021094, 5.108231774723356, 5.350271740986151, 4.939461166690571, 5.575220089315369, 4.898878607657164], "Jensen-Shannon": [0.29061024058936247, 0.2911135538574198, 0.3002442020890674, 0.32601815086428476, 0.3416872434541735, 0.3465407663802633, 0.37643333216489483, 0.3765646515558067, 0.43077773047927637, 0.3841660594210425, 0.44789483675703534, 0.43068239661994484, 0.4470996099882252, 0.41087216533610943, 0.4562280891692955, 0.4476296227345509, 0.48017801215621225, 0.49967636201595744, 0.5140150756601632, 0.5321040758616317, 0.5428138221777783, 0.5634364844305688, 0.5715196669622875, 0.5836814514598637, 0.6498357383559548, 0.6692493392525641, 0.6457127627161698, 0.6548152863078613, 0.6704626833068587, 0.6874584296892797, 0.6821080492678049, 0.6932237605910799, 0.733147046590613, 0.7146333553797994, 0.7436752580651687, 0.718369304068016, 0.7397265280484865, 0.6968193345370106, 0.7673134936940857, 0.6881756042590282], "Wasserstein-Distance": [373.49138500423066, 359.47344074182365, 357.7458868410817, 329.11036135322354, 323.01093656198844, 308.09117269265323, 284.79050436534214, 272.00411416968393, 246.0048664815347, 236.73462960738505, 240.05024273255685, 215.83191623766598, 226.23990499147, 213.06381078719008, 210.44448412952536, 210.81784915685733, 207.4495665027012, 205.98009973564433, 205.19615577239387, 204.25324017735997, 203.7028604314693, 202.87234913774085, 202.73325390042945, 202.51442884849195, 201.58795679669205, 201.540789255922, 200.59496522241648, 201.3637158623588, 203.09089826663092, 200.86711984326092, 201.96150427357307, 202.29326669065955, 201.03947100469088, 201.34754115081276, 201.48721504896196, 199.91013349204624, 199.51573824673318, 198.85641223609676, 198.9263292217783, 197.8670482676598], "Energy-Distance": [170.10105545535245, 168.3582427464676, 168.11783251923546, 158.67631453480888, 158.19794410828305, 155.92477091614646, 148.59941577033368, 148.47937197158515, 138.9206146368314, 140.06932124030953, 141.22832117390277, 132.1204317903466, 140.90683367449347, 139.77375355378558, 137.70686847293823, 140.6624120446135, 139.51227071746953, 138.5798333726272, 136.69419554931451, 136.5812445760206, 136.05115146650527, 134.33286694543096, 134.32764793648923, 129.98305083959323, 126.28339816983937, 124.31706707108114, 123.15321972885442, 124.91730701743046, 122.36377002935066, 120.86311191130258, 118.58916052171519, 117.8372490730319, 114.54194764598228, 115.82747284423716, 111.57033353217885, 110.61112132852871, 108.10565762365354, 112.47076512668787, 103.86647348206756, 112.07709067020068], "LR": 0.01, "HDIM": 16, "DSTEP": 5, "BSIZE": 250}, "beta": {"KL-Divergence": [2.117066807748857, 2.249444244548237, 2.233152766278678, 2.029501435321099, 2.061833146905771, 2.0627673578145806, 2.1113712574225016, 2.1268105023534325, 2.119947848554188, 2.1773173197529205, 2.067448223246607, 2.0320587454319026, 1.9804933724288276, 1.8993430478072306, 1.9801184085741677, 1.8968477352947053, 1.7364006962136012, 1.7173875003288361, 1.5815989441334506, 1.5435760904540174, 1.667298748368911, 1.4493358872709206, 1.3282815872195664, 1.2748200148213789, 1.18362446175489, 1.089336250269615, 1.130397762698354, 0.9924678107601277, 1.0742109039745837, 1.0658276382198348, 0.9845282382485724, 0.9524402870416067, 0.9363597857772024, 0.9900896925349874, 0.9780630181574657, 0.9234541465827261, 0.8623957691240624, 0.8856865760225036, 0.9588430346459994, 0.868305205647827], "Jensen-Shannon": [0.406447882927746, 0.40677282816423216, 0.41079751439356715, 0.38990432689243243, 0.3807788742715, 0.37986576970877467, 0.37949113474267043, 0.37493742068990443, 0.36810406789070116, 0.3680150550214212, 0.3556279138816459, 0.3490587957304631, 0.34291239318592764, 0.3334513697308328, 0.3335728711535576, 0.32768643222590826, 0.3116710977148365, 0.3123004123393983, 0.29989158010727307, 0.29557044416145023, 0.3000860781408034, 0.2819726843499156, 0.27234236456036365, 0.26867143933561843, 0.25760336637966164, 0.24235950059993727, 0.25311936890003306, 0.23120644875422186, 0.2442055025929888, 0.24076866121682733, 0.23166137065730705, 0.22450465473018533, 0.21842804775767738, 0.22867096019789743, 0.22514777978538786, 0.21069405640626904, 0.20148554615666098, 0.19354983953246815, 0.2166752224435003, 0.1990831805244155], "Wasserstein-Distance": [292.4536435521315, 270.96766122018846, 275.32856351767816, 263.4389361776965, 249.3551361378691, 243.687713478377, 228.30240786205607, 221.17047717227135, 219.5415927906758, 201.97616593291457, 204.4403808106939, 194.7262831444688, 192.3697846741309, 191.89458042807894, 181.80000607131595, 186.9580925087211, 177.63608411680778, 175.5379772017698, 174.92460058588222, 171.77089260309796, 164.81085699132217, 166.88427700307682, 172.02639812566215, 168.17595920063144, 171.5858165486334, 165.0798465673211, 173.85557641844548, 170.04747360730593, 172.11496717900263, 191.71403784758053, 175.5577082340313, 181.36912517533048, 176.46850808127974, 190.05031269881843, 193.57832067095046, 183.98130145752953, 197.33267980670738, 179.4110493574381, 183.23016033928877, 182.89977299329513], "Energy-Distance": [157.95182726412753, 148.83660228540916, 150.2503402365946, 150.03783350578803, 146.69171806352523, 144.2508122743487, 137.65300511875907, 134.92458317153643, 134.08668490477228, 126.90002664066752, 130.36762455112597, 126.62436643891671, 127.025818252332, 128.3651401060774, 122.31408139700895, 126.25182943809433, 122.37706914769046, 120.79394793398524, 121.54274922432047, 119.61046917208756, 114.80316406131494, 114.97089674737735, 119.24463354781696, 114.92928407352787, 118.89998607253571, 114.0127268239467, 116.9060004400795, 113.31684294650316, 113.58311568322817, 120.45335835846632, 112.90894317791627, 114.25482945258011, 109.77371736050486, 113.86150414256974, 113.28378456907588, 109.8031805368704, 113.30487021652519, 106.69930219143875, 109.48754762898898, 110.8960191431392], "LR": 0.01, "HDIM": 16, "DSTEP": 5, "BSIZE": 250}, "exponential": {"KL-Divergence": [10.373906358745039, 10.459883622986949, 10.219140255669647, 10.06513405190612, 10.282766272110782, 10.084202930332973, 9.673508702841335, 9.53727000285756, 9.602994187019137, 9.380661553712695, 9.632040765672224, 9.23195306028954, 9.382908455216675, 9.284506044648726, 8.928308210529197, 8.929898938194405, 8.78465398722135, 8.751012847460437, 8.798652639006907, 8.742936444443432, 8.230678906626963, 8.720055915741932, 8.618892651332311, 8.080685622950318, 8.149586435347905, 8.180676343198147, 8.211494514997634, 8.095601916438701, 8.155324327668344, 8.076515439752487, 8.018338834203051, 8.051224759103269, 8.224017060359571, 8.140875883220795, 7.988260074178431, 8.059757138079524, 8.115360966362243, 8.053236925497984, 8.082483404255214, 8.02650294987898],